13,1,73,5,13,"EtapaCategorias::EtapaCategorias@41-53@C:\proyecto_code_ia\metricas_realizadas\Prog-Concurrente\2026-PROGC-Q1-M3\Codigo_IA_generado\version_opus_4.7\src\main\java\com\tp\analisis\EtapaCategorias.java","C:\proyecto_code_ia\metricas_realizadas\Prog-Concurrente\2026-PROGC-Q1-M3\Codigo_IA_generado\version_opus_4.7\src\main\java\com\tp\analisis\EtapaCategorias.java","EtapaCategorias::EtapaCategorias","EtapaCategorias::EtapaCategorias( BlockingQueue<PipelineMessage> entrada , BlockingQueue<PipelineMessage> salida , int workers , int siguientesWorkers , LongAdder tiempoAcumNanos)",41,53
5,2,32,1,5,"EtapaCategorias::lanzar@55-59@C:\proyecto_code_ia\metricas_realizadas\Prog-Concurrente\2026-PROGC-Q1-M3\Codigo_IA_generado\version_opus_4.7\src\main\java\com\tp\analisis\EtapaCategorias.java","C:\proyecto_code_ia\metricas_realizadas\Prog-Concurrente\2026-PROGC-Q1-M3\Codigo_IA_generado\version_opus_4.7\src\main\java\com\tp\analisis\EtapaCategorias.java","EtapaCategorias::lanzar","EtapaCategorias::lanzar( ExecutorService pool)",55,59
27,7,206,0,27,"EtapaCategorias::loop@61-87@C:\proyecto_code_ia\metricas_realizadas\Prog-Concurrente\2026-PROGC-Q1-M3\Codigo_IA_generado\version_opus_4.7\src\main\java\com\tp\analisis\EtapaCategorias.java","C:\proyecto_code_ia\metricas_realizadas\Prog-Concurrente\2026-PROGC-Q1-M3\Codigo_IA_generado\version_opus_4.7\src\main\java\com\tp\analisis\EtapaCategorias.java","EtapaCategorias::loop","EtapaCategorias::loop()",61,87
15,7,132,1,15,"EtapaCategorias::clasificar@89-103@C:\proyecto_code_ia\metricas_realizadas\Prog-Concurrente\2026-PROGC-Q1-M3\Codigo_IA_generado\version_opus_4.7\src\main\java\com\tp\analisis\EtapaCategorias.java","C:\proyecto_code_ia\metricas_realizadas\Prog-Concurrente\2026-PROGC-Q1-M3\Codigo_IA_generado\version_opus_4.7\src\main\java\com\tp\analisis\EtapaCategorias.java","EtapaCategorias::clasificar","EtapaCategorias::clasificar( String texto)",89,103
17,4,161,0,17,"EtapaCategorias::cargarDiccionarios@106-122@C:\proyecto_code_ia\metricas_realizadas\Prog-Concurrente\2026-PROGC-Q1-M3\Codigo_IA_generado\version_opus_4.7\src\main\java\com\tp\analisis\EtapaCategorias.java","C:\proyecto_code_ia\metricas_realizadas\Prog-Concurrente\2026-PROGC-Q1-M3\Codigo_IA_generado\version_opus_4.7\src\main\java\com\tp\analisis\EtapaCategorias.java","EtapaCategorias::cargarDiccionarios","EtapaCategorias::cargarDiccionarios()",106,122
15,1,126,5,16,"EtapaSentimiento::EtapaSentimiento@43-58@C:\proyecto_code_ia\metricas_realizadas\Prog-Concurrente\2026-PROGC-Q1-M3\Codigo_IA_generado\version_opus_4.7\src\main\java\com\tp\analisis\EtapaSentimiento.java","C:\proyecto_code_ia\metricas_realizadas\Prog-Concurrente\2026-PROGC-Q1-M3\Codigo_IA_generado\version_opus_4.7\src\main\java\com\tp\analisis\EtapaSentimiento.java","EtapaSentimiento::EtapaSentimiento","EtapaSentimiento::EtapaSentimiento( BlockingQueue<PipelineMessage> entrada , BlockingQueue<PipelineMessage> salida , int workers , int siguientesWorkers , LongAdder tiempoAcumNanos)",43,58
5,2,32,1,5,"EtapaSentimiento::lanzar@60-64@C:\proyecto_code_ia\metricas_realizadas\Prog-Concurrente\2026-PROGC-Q1-M3\Codigo_IA_generado\version_opus_4.7\src\main\java\com\tp\analisis\EtapaSentimiento.java","C:\proyecto_code_ia\metricas_realizadas\Prog-Concurrente\2026-PROGC-Q1-M3\Codigo_IA_generado\version_opus_4.7\src\main\java\com\tp\analisis\EtapaSentimiento.java","EtapaSentimiento::lanzar","EtapaSentimiento::lanzar( ExecutorService pool)",60,64
27,7,203,0,27,"EtapaSentimiento::loop@66-92@C:\proyecto_code_ia\metricas_realizadas\Prog-Concurrente\2026-PROGC-Q1-M3\Codigo_IA_generado\version_opus_4.7\src\main\java\com\tp\analisis\EtapaSentimiento.java","C:\proyecto_code_ia\metricas_realizadas\Prog-Concurrente\2026-PROGC-Q1-M3\Codigo_IA_generado\version_opus_4.7\src\main\java\com\tp\analisis\EtapaSentimiento.java","EtapaSentimiento::loop","EtapaSentimiento::loop()",66,92
13,9,114,1,13,"EtapaSentimiento::analizar@94-106@C:\proyecto_code_ia\metricas_realizadas\Prog-Concurrente\2026-PROGC-Q1-M3\Codigo_IA_generado\version_opus_4.7\src\main\java\com\tp\analisis\EtapaSentimiento.java","C:\proyecto_code_ia\metricas_realizadas\Prog-Concurrente\2026-PROGC-Q1-M3\Codigo_IA_generado\version_opus_4.7\src\main\java\com\tp\analisis\EtapaSentimiento.java","EtapaSentimiento::analizar","EtapaSentimiento::analizar( String texto)",94,106
12,3,84,0,12,"EtapaSentimiento::cargarLexico@109-120@C:\proyecto_code_ia\metricas_realizadas\Prog-Concurrente\2026-PROGC-Q1-M3\Codigo_IA_generado\version_opus_4.7\src\main\java\com\tp\analisis\EtapaSentimiento.java","C:\proyecto_code_ia\metricas_realizadas\Prog-Concurrente\2026-PROGC-Q1-M3\Codigo_IA_generado\version_opus_4.7\src\main\java\com\tp\analisis\EtapaSentimiento.java","EtapaSentimiento::cargarLexico","EtapaSentimiento::cargarLexico()",109,120
10,1,56,4,10,"EtapaSpam::EtapaSpam@36-45@C:\proyecto_code_ia\metricas_realizadas\Prog-Concurrente\2026-PROGC-Q1-M3\Codigo_IA_generado\version_opus_4.7\src\main\java\com\tp\analisis\EtapaSpam.java","C:\proyecto_code_ia\metricas_realizadas\Prog-Concurrente\2026-PROGC-Q1-M3\Codigo_IA_generado\version_opus_4.7\src\main\java\com\tp\analisis\EtapaSpam.java","EtapaSpam::EtapaSpam","EtapaSpam::EtapaSpam( BlockingQueue<PipelineMessage> entrada , ConcurrentLinkedQueue<Resultado> resultados , int workers , LongAdder tiempoAcumNanos)",36,45
5,2,32,1,5,"EtapaSpam::lanzar@47-51@C:\proyecto_code_ia\metricas_realizadas\Prog-Concurrente\2026-PROGC-Q1-M3\Codigo_IA_generado\version_opus_4.7\src\main\java\com\tp\analisis\EtapaSpam.java","C:\proyecto_code_ia\metricas_realizadas\Prog-Concurrente\2026-PROGC-Q1-M3\Codigo_IA_generado\version_opus_4.7\src\main\java\com\tp\analisis\EtapaSpam.java","EtapaSpam::lanzar","EtapaSpam::lanzar( ExecutorService pool)",47,51
34,5,243,0,39,"EtapaSpam::loop@53-91@C:\proyecto_code_ia\metricas_realizadas\Prog-Concurrente\2026-PROGC-Q1-M3\Codigo_IA_generado\version_opus_4.7\src\main\java\com\tp\analisis\EtapaSpam.java","C:\proyecto_code_ia\metricas_realizadas\Prog-Concurrente\2026-PROGC-Q1-M3\Codigo_IA_generado\version_opus_4.7\src\main\java\com\tp\analisis\EtapaSpam.java","EtapaSpam::loop","EtapaSpam::loop()",53,91
26,12,181,1,31,"EtapaSpam::calcularSpamScore@93-123@C:\proyecto_code_ia\metricas_realizadas\Prog-Concurrente\2026-PROGC-Q1-M3\Codigo_IA_generado\version_opus_4.7\src\main\java\com\tp\analisis\EtapaSpam.java","C:\proyecto_code_ia\metricas_realizadas\Prog-Concurrente\2026-PROGC-Q1-M3\Codigo_IA_generado\version_opus_4.7\src\main\java\com\tp\analisis\EtapaSpam.java","EtapaSpam::calcularSpamScore","EtapaSpam::calcularSpamScore( String texto)",93,123
11,7,88,2,11,"EtapaSpam::decidir@125-135@C:\proyecto_code_ia\metricas_realizadas\Prog-Concurrente\2026-PROGC-Q1-M3\Codigo_IA_generado\version_opus_4.7\src\main\java\com\tp\analisis\EtapaSpam.java","C:\proyecto_code_ia\metricas_realizadas\Prog-Concurrente\2026-PROGC-Q1-M3\Codigo_IA_generado\version_opus_4.7\src\main\java\com\tp\analisis\EtapaSpam.java","EtapaSpam::decidir","EtapaSpam::decidir( Post post , double spamScore)",125,135
3,1,19,1,3,"EtapaSpam::redondear@137-139@C:\proyecto_code_ia\metricas_realizadas\Prog-Concurrente\2026-PROGC-Q1-M3\Codigo_IA_generado\version_opus_4.7\src\main\java\com\tp\analisis\EtapaSpam.java","C:\proyecto_code_ia\metricas_realizadas\Prog-Concurrente\2026-PROGC-Q1-M3\Codigo_IA_generado\version_opus_4.7\src\main\java\com\tp\analisis\EtapaSpam.java","EtapaSpam::redondear","EtapaSpam::redondear( double v)",137,139
1,1,5,0,1,"PoisonPill::PoisonPill@5-5@C:\proyecto_code_ia\metricas_realizadas\Prog-Concurrente\2026-PROGC-Q1-M3\Codigo_IA_generado\version_opus_4.7\src\main\java\com\tp\modelo\PoisonPill.java","C:\proyecto_code_ia\metricas_realizadas\Prog-Concurrente\2026-PROGC-Q1-M3\Codigo_IA_generado\version_opus_4.7\src\main\java\com\tp\modelo\PoisonPill.java","PoisonPill::PoisonPill","PoisonPill::PoisonPill()",5,5
1,1,5,0,1,"Post::Post@19-19@C:\proyecto_code_ia\metricas_realizadas\Prog-Concurrente\2026-PROGC-Q1-M3\Codigo_IA_generado\version_opus_4.7\src\main\java\com\tp\modelo\Post.java","C:\proyecto_code_ia\metricas_realizadas\Prog-Concurrente\2026-PROGC-Q1-M3\Codigo_IA_generado\version_opus_4.7\src\main\java\com\tp\modelo\Post.java","Post::Post","Post::Post()",19,19
4,1,22,2,4,"Post::Post@21-24@C:\proyecto_code_ia\metricas_realizadas\Prog-Concurrente\2026-PROGC-Q1-M3\Codigo_IA_generado\version_opus_4.7\src\main\java\com\tp\modelo\Post.java","C:\proyecto_code_ia\metricas_realizadas\Prog-Concurrente\2026-PROGC-Q1-M3\Codigo_IA_generado\version_opus_4.7\src\main\java\com\tp\modelo\Post.java","Post::Post","Post::Post( int postId , String texto)",21,24
1,1,8,0,1,"Post::getPostId@26-26@C:\proyecto_code_ia\metricas_realizadas\Prog-Concurrente\2026-PROGC-Q1-M3\Codigo_IA_generado\version_opus_4.7\src\main\java\com\tp\modelo\Post.java","C:\proyecto_code_ia\metricas_realizadas\Prog-Concurrente\2026-PROGC-Q1-M3\Codigo_IA_generado\version_opus_4.7\src\main\java\com\tp\modelo\Post.java","Post::getPostId","Post::getPostId()",26,26
1,1,8,0,1,"Post::getTexto@27-27@C:\proyecto_code_ia\metricas_realizadas\Prog-Concurrente\2026-PROGC-Q1-M3\Codigo_IA_generado\version_opus_4.7\src\main\java\com\tp\modelo\Post.java","C:\proyecto_code_ia\metricas_realizadas\Prog-Concurrente\2026-PROGC-Q1-M3\Codigo_IA_generado\version_opus_4.7\src\main\java\com\tp\modelo\Post.java","Post::getTexto","Post::getTexto()",27,27
1,1,8,0,1,"Post::getTimestampEntradaNanos@29-29@C:\proyecto_code_ia\metricas_realizadas\Prog-Concurrente\2026-PROGC-Q1-M3\Codigo_IA_generado\version_opus_4.7\src\main\java\com\tp\modelo\Post.java","C:\proyecto_code_ia\metricas_realizadas\Prog-Concurrente\2026-PROGC-Q1-M3\Codigo_IA_generado\version_opus_4.7\src\main\java\com\tp\modelo\Post.java","Post::getTimestampEntradaNanos","Post::getTimestampEntradaNanos()",29,29
1,1,13,1,1,"Post::setTimestampEntradaNanos@30-30@C:\proyecto_code_ia\metricas_realizadas\Prog-Concurrente\2026-PROGC-Q1-M3\Codigo_IA_generado\version_opus_4.7\src\main\java\com\tp\modelo\Post.java","C:\proyecto_code_ia\metricas_realizadas\Prog-Concurrente\2026-PROGC-Q1-M3\Codigo_IA_generado\version_opus_4.7\src\main\java\com\tp\modelo\Post.java","Post::setTimestampEntradaNanos","Post::setTimestampEntradaNanos( long t)",30,30
1,1,8,0,1,"Post::getSentimiento@32-32@C:\proyecto_code_ia\metricas_realizadas\Prog-Concurrente\2026-PROGC-Q1-M3\Codigo_IA_generado\version_opus_4.7\src\main\java\com\tp\modelo\Post.java","C:\proyecto_code_ia\metricas_realizadas\Prog-Concurrente\2026-PROGC-Q1-M3\Codigo_IA_generado\version_opus_4.7\src\main\java\com\tp\modelo\Post.java","Post::getSentimiento","Post::getSentimiento()",32,32
1,1,13,1,1,"Post::setSentimiento@33-33@C:\proyecto_code_ia\metricas_realizadas\Prog-Concurrente\2026-PROGC-Q1-M3\Codigo_IA_generado\version_opus_4.7\src\main\java\com\tp\modelo\Post.java","C:\proyecto_code_ia\metricas_realizadas\Prog-Concurrente\2026-PROGC-Q1-M3\Codigo_IA_generado\version_opus_4.7\src\main\java\com\tp\modelo\Post.java","Post::setSentimiento","Post::setSentimiento( String s)",33,33
1,1,8,0,1,"Post::getCategorias@35-35@C:\proyecto_code_ia\metricas_realizadas\Prog-Concurrente\2026-PROGC-Q1-M3\Codigo_IA_generado\version_opus_4.7\src\main\java\com\tp\modelo\Post.java","C:\proyecto_code_ia\metricas_realizadas\Prog-Concurrente\2026-PROGC-Q1-M3\Codigo_IA_generado\version_opus_4.7\src\main\java\com\tp\modelo\Post.java","Post::getCategorias","Post::getCategorias()",35,35
1,1,16,1,1,"Post::setCategorias@36-36@C:\proyecto_code_ia\metricas_realizadas\Prog-Concurrente\2026-PROGC-Q1-M3\Codigo_IA_generado\version_opus_4.7\src\main\java\com\tp\modelo\Post.java","C:\proyecto_code_ia\metricas_realizadas\Prog-Concurrente\2026-PROGC-Q1-M3\Codigo_IA_generado\version_opus_4.7\src\main\java\com\tp\modelo\Post.java","Post::setCategorias","Post::setCategorias( List<String> c)",36,36
15,1,70,7,15,"Resultado::Resultado@30-44@C:\proyecto_code_ia\metricas_realizadas\Prog-Concurrente\2026-PROGC-Q1-M3\Codigo_IA_generado\version_opus_4.7\src\main\java\com\tp\modelo\Resultado.java","C:\proyecto_code_ia\metricas_realizadas\Prog-Concurrente\2026-PROGC-Q1-M3\Codigo_IA_generado\version_opus_4.7\src\main\java\com\tp\modelo\Resultado.java","Resultado::Resultado","Resultado::Resultado( int postId , String texto , double spamScore , String sentimiento , List<String> categorias , String decision , long tiempoProcesamientoMs)",30,44
1,1,8,0,1,"Resultado::getTiempoProcesamientoMs@46-46@C:\proyecto_code_ia\metricas_realizadas\Prog-Concurrente\2026-PROGC-Q1-M3\Codigo_IA_generado\version_opus_4.7\src\main\java\com\tp\modelo\Resultado.java","C:\proyecto_code_ia\metricas_realizadas\Prog-Concurrente\2026-PROGC-Q1-M3\Codigo_IA_generado\version_opus_4.7\src\main\java\com\tp\modelo\Resultado.java","Resultado::getTiempoProcesamientoMs","Resultado::getTiempoProcesamientoMs()",46,46
41,2,447,1,59,"Main::main@45-103@C:\proyecto_code_ia\metricas_realizadas\Prog-Concurrente\2026-PROGC-Q1-M3\Codigo_IA_generado\version_opus_4.7\src\main\java\com\tp\Main.java","C:\proyecto_code_ia\metricas_realizadas\Prog-Concurrente\2026-PROGC-Q1-M3\Codigo_IA_generado\version_opus_4.7\src\main\java\com\tp\Main.java","Main::main","Main::main( String [ ] args)",45,103
9,1,113,1,9,"Main::volcarResultados@105-113@C:\proyecto_code_ia\metricas_realizadas\Prog-Concurrente\2026-PROGC-Q1-M3\Codigo_IA_generado\version_opus_4.7\src\main\java\com\tp\Main.java","C:\proyecto_code_ia\metricas_realizadas\Prog-Concurrente\2026-PROGC-Q1-M3\Codigo_IA_generado\version_opus_4.7\src\main\java\com\tp\Main.java","Main::volcarResultados","Main::volcarResultados( ConcurrentLinkedQueue<Resultado> resultados)",105,113
21,4,240,5,23,"Main::imprimirMetricas@115-137@C:\proyecto_code_ia\metricas_realizadas\Prog-Concurrente\2026-PROGC-Q1-M3\Codigo_IA_generado\version_opus_4.7\src\main\java\com\tp\Main.java","C:\proyecto_code_ia\metricas_realizadas\Prog-Concurrente\2026-PROGC-Q1-M3\Codigo_IA_generado\version_opus_4.7\src\main\java\com\tp\Main.java","Main::imprimirMetricas","Main::imprimirMetricas( ConcurrentLinkedQueue<Resultado> resultados , long elapsedNanos , LongAdder a , LongAdder b , LongAdder c)",115,137
16,3,115,3,16,"Main::namedCpu@141-156@C:\proyecto_code_ia\metricas_realizadas\Prog-Concurrente\2026-PROGC-Q1-M3\Codigo_IA_generado\version_opus_4.7\src\main\java\com\tp\Main.java","C:\proyecto_code_ia\metricas_realizadas\Prog-Concurrente\2026-PROGC-Q1-M3\Codigo_IA_generado\version_opus_4.7\src\main\java\com\tp\Main.java","Main::namedCpu","Main::namedCpu( String prefijo , ThreadMXBean tmx , LongAdder cpuAccum)",141,156
39,2,398,6,41,"Main::imprimirMetricasSistema@158-198@C:\proyecto_code_ia\metricas_realizadas\Prog-Concurrente\2026-PROGC-Q1-M3\Codigo_IA_generado\version_opus_4.7\src\main\java\com\tp\Main.java","C:\proyecto_code_ia\metricas_realizadas\Prog-Concurrente\2026-PROGC-Q1-M3\Codigo_IA_generado\version_opus_4.7\src\main\java\com\tp\Main.java","Main::imprimirMetricasSistema","Main::imprimirMetricasSistema( ThreadMXBean tmx , long heapAntesBytes , long threadsBaseline , LongAdder cpuNanosA , LongAdder cpuNanosB , LongAdder cpuNanosC)",158,198
4,1,25,2,4,"Productor::Productor@26-29@C:\proyecto_code_ia\metricas_realizadas\Prog-Concurrente\2026-PROGC-Q1-M3\Codigo_IA_generado\version_opus_4.7\src\main\java\com\tp\Productor.java","C:\proyecto_code_ia\metricas_realizadas\Prog-Concurrente\2026-PROGC-Q1-M3\Codigo_IA_generado\version_opus_4.7\src\main\java\com\tp\Productor.java","Productor::Productor","Productor::Productor( BlockingQueue<PipelineMessage> entrada , int poisonPillsCount)",26,29
21,5,171,0,23,"Productor::run@32-54@C:\proyecto_code_ia\metricas_realizadas\Prog-Concurrente\2026-PROGC-Q1-M3\Codigo_IA_generado\version_opus_4.7\src\main\java\com\tp\Productor.java","C:\proyecto_code_ia\metricas_realizadas\Prog-Concurrente\2026-PROGC-Q1-M3\Codigo_IA_generado\version_opus_4.7\src\main\java\com\tp\Productor.java","Productor::run","Productor::run()",32,54
13,3,102,0,13,"Productor::cargarPosts@56-68@C:\proyecto_code_ia\metricas_realizadas\Prog-Concurrente\2026-PROGC-Q1-M3\Codigo_IA_generado\version_opus_4.7\src\main\java\com\tp\Productor.java","C:\proyecto_code_ia\metricas_realizadas\Prog-Concurrente\2026-PROGC-Q1-M3\Codigo_IA_generado\version_opus_4.7\src\main\java\com\tp\Productor.java","Productor::cargarPosts","Productor::cargarPosts()",56,68
