7,1,52,3,7,"EtapaCategorias::EtapaCategorias@30-36@C:\proyecto_code_ia\metricas_realizadas\Prog-Concurrente\2026-PROGC-Q1-M3\Codigo_IA_generado\version_haiku_4.5\src\main\java\com\tp\analisis\EtapaCategorias.java","C:\proyecto_code_ia\metricas_realizadas\Prog-Concurrente\2026-PROGC-Q1-M3\Codigo_IA_generado\version_haiku_4.5\src\main\java\com\tp\analisis\EtapaCategorias.java","EtapaCategorias::EtapaCategorias","EtapaCategorias::EtapaCategorias( BlockingQueue<Object> queueAB , BlockingQueue<Object> queueBC , int kC)",30,36
21,3,181,0,22,"EtapaCategorias::cargarListas@38-59@C:\proyecto_code_ia\metricas_realizadas\Prog-Concurrente\2026-PROGC-Q1-M3\Codigo_IA_generado\version_haiku_4.5\src\main\java\com\tp\analisis\EtapaCategorias.java","C:\proyecto_code_ia\metricas_realizadas\Prog-Concurrente\2026-PROGC-Q1-M3\Codigo_IA_generado\version_haiku_4.5\src\main\java\com\tp\analisis\EtapaCategorias.java","EtapaCategorias::cargarListas","EtapaCategorias::cargarListas()",38,59
20,4,170,0,24,"EtapaCategorias::procesarWorker@61-84@C:\proyecto_code_ia\metricas_realizadas\Prog-Concurrente\2026-PROGC-Q1-M3\Codigo_IA_generado\version_haiku_4.5\src\main\java\com\tp\analisis\EtapaCategorias.java","C:\proyecto_code_ia\metricas_realizadas\Prog-Concurrente\2026-PROGC-Q1-M3\Codigo_IA_generado\version_haiku_4.5\src\main\java\com\tp\analisis\EtapaCategorias.java","EtapaCategorias::procesarWorker","EtapaCategorias::procesarWorker()",61,84
16,5,110,1,18,"EtapaCategorias::detectarCategorias@86-103@C:\proyecto_code_ia\metricas_realizadas\Prog-Concurrente\2026-PROGC-Q1-M3\Codigo_IA_generado\version_haiku_4.5\src\main\java\com\tp\analisis\EtapaCategorias.java","C:\proyecto_code_ia\metricas_realizadas\Prog-Concurrente\2026-PROGC-Q1-M3\Codigo_IA_generado\version_haiku_4.5\src\main\java\com\tp\analisis\EtapaCategorias.java","EtapaCategorias::detectarCategorias","EtapaCategorias::detectarCategorias( String texto)",86,103
13,4,96,0,14,"EtapaCategorias::propagarPills@105-118@C:\proyecto_code_ia\metricas_realizadas\Prog-Concurrente\2026-PROGC-Q1-M3\Codigo_IA_generado\version_haiku_4.5\src\main\java\com\tp\analisis\EtapaCategorias.java","C:\proyecto_code_ia\metricas_realizadas\Prog-Concurrente\2026-PROGC-Q1-M3\Codigo_IA_generado\version_haiku_4.5\src\main\java\com\tp\analisis\EtapaCategorias.java","EtapaCategorias::propagarPills","EtapaCategorias::propagarPills()",105,118
8,1,63,3,8,"EtapaSentimiento::EtapaSentimiento@29-36@C:\proyecto_code_ia\metricas_realizadas\Prog-Concurrente\2026-PROGC-Q1-M3\Codigo_IA_generado\version_haiku_4.5\src\main\java\com\tp\analisis\EtapaSentimiento.java","C:\proyecto_code_ia\metricas_realizadas\Prog-Concurrente\2026-PROGC-Q1-M3\Codigo_IA_generado\version_haiku_4.5\src\main\java\com\tp\analisis\EtapaSentimiento.java","EtapaSentimiento::EtapaSentimiento","EtapaSentimiento::EtapaSentimiento( BlockingQueue<Object> queueIn , BlockingQueue<Object> queueAB , int kB)",29,36
18,3,160,0,19,"EtapaSentimiento::cargarListas@38-56@C:\proyecto_code_ia\metricas_realizadas\Prog-Concurrente\2026-PROGC-Q1-M3\Codigo_IA_generado\version_haiku_4.5\src\main\java\com\tp\analisis\EtapaSentimiento.java","C:\proyecto_code_ia\metricas_realizadas\Prog-Concurrente\2026-PROGC-Q1-M3\Codigo_IA_generado\version_haiku_4.5\src\main\java\com\tp\analisis\EtapaSentimiento.java","EtapaSentimiento::cargarListas","EtapaSentimiento::cargarListas()",38,56
20,4,167,0,24,"EtapaSentimiento::procesarWorker@58-81@C:\proyecto_code_ia\metricas_realizadas\Prog-Concurrente\2026-PROGC-Q1-M3\Codigo_IA_generado\version_haiku_4.5\src\main\java\com\tp\analisis\EtapaSentimiento.java","C:\proyecto_code_ia\metricas_realizadas\Prog-Concurrente\2026-PROGC-Q1-M3\Codigo_IA_generado\version_haiku_4.5\src\main\java\com\tp\analisis\EtapaSentimiento.java","EtapaSentimiento::procesarWorker","EtapaSentimiento::procesarWorker()",58,81
11,6,86,1,13,"EtapaSentimiento::analizarSentimiento@83-95@C:\proyecto_code_ia\metricas_realizadas\Prog-Concurrente\2026-PROGC-Q1-M3\Codigo_IA_generado\version_haiku_4.5\src\main\java\com\tp\analisis\EtapaSentimiento.java","C:\proyecto_code_ia\metricas_realizadas\Prog-Concurrente\2026-PROGC-Q1-M3\Codigo_IA_generado\version_haiku_4.5\src\main\java\com\tp\analisis\EtapaSentimiento.java","EtapaSentimiento::analizarSentimiento","EtapaSentimiento::analizarSentimiento( String texto)",83,95
13,4,96,0,14,"EtapaSentimiento::propagarPills@97-110@C:\proyecto_code_ia\metricas_realizadas\Prog-Concurrente\2026-PROGC-Q1-M3\Codigo_IA_generado\version_haiku_4.5\src\main\java\com\tp\analisis\EtapaSentimiento.java","C:\proyecto_code_ia\metricas_realizadas\Prog-Concurrente\2026-PROGC-Q1-M3\Codigo_IA_generado\version_haiku_4.5\src\main\java\com\tp\analisis\EtapaSentimiento.java","EtapaSentimiento::propagarPills","EtapaSentimiento::propagarPills()",97,110
6,1,37,3,6,"EtapaSpam::EtapaSpam@24-29@C:\proyecto_code_ia\metricas_realizadas\Prog-Concurrente\2026-PROGC-Q1-M3\Codigo_IA_generado\version_haiku_4.5\src\main\java\com\tp\analisis\EtapaSpam.java","C:\proyecto_code_ia\metricas_realizadas\Prog-Concurrente\2026-PROGC-Q1-M3\Codigo_IA_generado\version_haiku_4.5\src\main\java\com\tp\analisis\EtapaSpam.java","EtapaSpam::EtapaSpam","EtapaSpam::EtapaSpam( BlockingQueue<Object> queueBC , ConcurrentLinkedQueue<Resultado> resultados , LongAdder tiempoEtapaC)",24,29
34,4,265,0,43,"EtapaSpam::procesarWorker@31-73@C:\proyecto_code_ia\metricas_realizadas\Prog-Concurrente\2026-PROGC-Q1-M3\Codigo_IA_generado\version_haiku_4.5\src\main\java\com\tp\analisis\EtapaSpam.java","C:\proyecto_code_ia\metricas_realizadas\Prog-Concurrente\2026-PROGC-Q1-M3\Codigo_IA_generado\version_haiku_4.5\src\main\java\com\tp\analisis\EtapaSpam.java","EtapaSpam::procesarWorker","EtapaSpam::procesarWorker()",31,73
28,10,167,1,35,"EtapaSpam::calcularSpamScore@75-109@C:\proyecto_code_ia\metricas_realizadas\Prog-Concurrente\2026-PROGC-Q1-M3\Codigo_IA_generado\version_haiku_4.5\src\main\java\com\tp\analisis\EtapaSpam.java","C:\proyecto_code_ia\metricas_realizadas\Prog-Concurrente\2026-PROGC-Q1-M3\Codigo_IA_generado\version_haiku_4.5\src\main\java\com\tp\analisis\EtapaSpam.java","EtapaSpam::calcularSpamScore","EtapaSpam::calcularSpamScore( String texto)",75,109
10,5,73,1,11,"EtapaSpam::tomarDecision@111-121@C:\proyecto_code_ia\metricas_realizadas\Prog-Concurrente\2026-PROGC-Q1-M3\Codigo_IA_generado\version_haiku_4.5\src\main\java\com\tp\analisis\EtapaSpam.java","C:\proyecto_code_ia\metricas_realizadas\Prog-Concurrente\2026-PROGC-Q1-M3\Codigo_IA_generado\version_haiku_4.5\src\main\java\com\tp\analisis\EtapaSpam.java","EtapaSpam::tomarDecision","EtapaSpam::tomarDecision( Post post)",111,121
2,1,5,0,2,"PoisonPill::PoisonPill@6-7@C:\proyecto_code_ia\metricas_realizadas\Prog-Concurrente\2026-PROGC-Q1-M3\Codigo_IA_generado\version_haiku_4.5\src\main\java\com\tp\modelo\PoisonPill.java","C:\proyecto_code_ia\metricas_realizadas\Prog-Concurrente\2026-PROGC-Q1-M3\Codigo_IA_generado\version_haiku_4.5\src\main\java\com\tp\modelo\PoisonPill.java","PoisonPill::PoisonPill","PoisonPill::PoisonPill()",6,7
6,1,47,2,6,"Post::Post@12-17@C:\proyecto_code_ia\metricas_realizadas\Prog-Concurrente\2026-PROGC-Q1-M3\Codigo_IA_generado\version_haiku_4.5\src\main\java\com\tp\modelo\Post.java","C:\proyecto_code_ia\metricas_realizadas\Prog-Concurrente\2026-PROGC-Q1-M3\Codigo_IA_generado\version_haiku_4.5\src\main\java\com\tp\modelo\Post.java","Post::Post","Post::Post( int postId , String texto)",12,17
3,1,8,0,3,"Post::getPostId@19-21@C:\proyecto_code_ia\metricas_realizadas\Prog-Concurrente\2026-PROGC-Q1-M3\Codigo_IA_generado\version_haiku_4.5\src\main\java\com\tp\modelo\Post.java","C:\proyecto_code_ia\metricas_realizadas\Prog-Concurrente\2026-PROGC-Q1-M3\Codigo_IA_generado\version_haiku_4.5\src\main\java\com\tp\modelo\Post.java","Post::getPostId","Post::getPostId()",19,21
3,1,8,0,3,"Post::getTexto@23-25@C:\proyecto_code_ia\metricas_realizadas\Prog-Concurrente\2026-PROGC-Q1-M3\Codigo_IA_generado\version_haiku_4.5\src\main\java\com\tp\modelo\Post.java","C:\proyecto_code_ia\metricas_realizadas\Prog-Concurrente\2026-PROGC-Q1-M3\Codigo_IA_generado\version_haiku_4.5\src\main\java\com\tp\modelo\Post.java","Post::getTexto","Post::getTexto()",23,25
3,1,8,0,3,"Post::getTimestampInicio@27-29@C:\proyecto_code_ia\metricas_realizadas\Prog-Concurrente\2026-PROGC-Q1-M3\Codigo_IA_generado\version_haiku_4.5\src\main\java\com\tp\modelo\Post.java","C:\proyecto_code_ia\metricas_realizadas\Prog-Concurrente\2026-PROGC-Q1-M3\Codigo_IA_generado\version_haiku_4.5\src\main\java\com\tp\modelo\Post.java","Post::getTimestampInicio","Post::getTimestampInicio()",27,29
3,1,13,1,3,"Post::setTimestampInicio@31-33@C:\proyecto_code_ia\metricas_realizadas\Prog-Concurrente\2026-PROGC-Q1-M3\Codigo_IA_generado\version_haiku_4.5\src\main\java\com\tp\modelo\Post.java","C:\proyecto_code_ia\metricas_realizadas\Prog-Concurrente\2026-PROGC-Q1-M3\Codigo_IA_generado\version_haiku_4.5\src\main\java\com\tp\modelo\Post.java","Post::setTimestampInicio","Post::setTimestampInicio( long timestampInicio)",31,33
3,1,8,0,3,"Post::getSentimiento@35-37@C:\proyecto_code_ia\metricas_realizadas\Prog-Concurrente\2026-PROGC-Q1-M3\Codigo_IA_generado\version_haiku_4.5\src\main\java\com\tp\modelo\Post.java","C:\proyecto_code_ia\metricas_realizadas\Prog-Concurrente\2026-PROGC-Q1-M3\Codigo_IA_generado\version_haiku_4.5\src\main\java\com\tp\modelo\Post.java","Post::getSentimiento","Post::getSentimiento()",35,37
3,1,13,1,3,"Post::setSentimiento@39-41@C:\proyecto_code_ia\metricas_realizadas\Prog-Concurrente\2026-PROGC-Q1-M3\Codigo_IA_generado\version_haiku_4.5\src\main\java\com\tp\modelo\Post.java","C:\proyecto_code_ia\metricas_realizadas\Prog-Concurrente\2026-PROGC-Q1-M3\Codigo_IA_generado\version_haiku_4.5\src\main\java\com\tp\modelo\Post.java","Post::setSentimiento","Post::setSentimiento( String sentimiento)",39,41
3,1,8,0,3,"Post::getCategorias@43-45@C:\proyecto_code_ia\metricas_realizadas\Prog-Concurrente\2026-PROGC-Q1-M3\Codigo_IA_generado\version_haiku_4.5\src\main\java\com\tp\modelo\Post.java","C:\proyecto_code_ia\metricas_realizadas\Prog-Concurrente\2026-PROGC-Q1-M3\Codigo_IA_generado\version_haiku_4.5\src\main\java\com\tp\modelo\Post.java","Post::getCategorias","Post::getCategorias()",43,45
3,1,20,1,3,"Post::setCategorias@47-49@C:\proyecto_code_ia\metricas_realizadas\Prog-Concurrente\2026-PROGC-Q1-M3\Codigo_IA_generado\version_haiku_4.5\src\main\java\com\tp\modelo\Post.java","C:\proyecto_code_ia\metricas_realizadas\Prog-Concurrente\2026-PROGC-Q1-M3\Codigo_IA_generado\version_haiku_4.5\src\main\java\com\tp\modelo\Post.java","Post::setCategorias","Post::setCategorias( java . util . List<String> categorias)",47,49
3,1,8,0,3,"Post::getSpamScore@51-53@C:\proyecto_code_ia\metricas_realizadas\Prog-Concurrente\2026-PROGC-Q1-M3\Codigo_IA_generado\version_haiku_4.5\src\main\java\com\tp\modelo\Post.java","C:\proyecto_code_ia\metricas_realizadas\Prog-Concurrente\2026-PROGC-Q1-M3\Codigo_IA_generado\version_haiku_4.5\src\main\java\com\tp\modelo\Post.java","Post::getSpamScore","Post::getSpamScore()",51,53
3,1,13,1,3,"Post::setSpamScore@55-57@C:\proyecto_code_ia\metricas_realizadas\Prog-Concurrente\2026-PROGC-Q1-M3\Codigo_IA_generado\version_haiku_4.5\src\main\java\com\tp\modelo\Post.java","C:\proyecto_code_ia\metricas_realizadas\Prog-Concurrente\2026-PROGC-Q1-M3\Codigo_IA_generado\version_haiku_4.5\src\main\java\com\tp\modelo\Post.java","Post::setSpamScore","Post::setSpamScore( double spamScore)",55,57
3,1,8,0,3,"Post::getDecision@59-61@C:\proyecto_code_ia\metricas_realizadas\Prog-Concurrente\2026-PROGC-Q1-M3\Codigo_IA_generado\version_haiku_4.5\src\main\java\com\tp\modelo\Post.java","C:\proyecto_code_ia\metricas_realizadas\Prog-Concurrente\2026-PROGC-Q1-M3\Codigo_IA_generado\version_haiku_4.5\src\main\java\com\tp\modelo\Post.java","Post::getDecision","Post::getDecision()",59,61
3,1,13,1,3,"Post::setDecision@63-65@C:\proyecto_code_ia\metricas_realizadas\Prog-Concurrente\2026-PROGC-Q1-M3\Codigo_IA_generado\version_haiku_4.5\src\main\java\com\tp\modelo\Post.java","C:\proyecto_code_ia\metricas_realizadas\Prog-Concurrente\2026-PROGC-Q1-M3\Codigo_IA_generado\version_haiku_4.5\src\main\java\com\tp\modelo\Post.java","Post::setDecision","Post::setDecision( String decision)",63,65
2,1,5,0,2,"Resultado::Resultado@28-29@C:\proyecto_code_ia\metricas_realizadas\Prog-Concurrente\2026-PROGC-Q1-M3\Codigo_IA_generado\version_haiku_4.5\src\main\java\com\tp\modelo\Resultado.java","C:\proyecto_code_ia\metricas_realizadas\Prog-Concurrente\2026-PROGC-Q1-M3\Codigo_IA_generado\version_haiku_4.5\src\main\java\com\tp\modelo\Resultado.java","Resultado::Resultado","Resultado::Resultado()",28,29
10,1,70,7,10,"Resultado::Resultado@31-40@C:\proyecto_code_ia\metricas_realizadas\Prog-Concurrente\2026-PROGC-Q1-M3\Codigo_IA_generado\version_haiku_4.5\src\main\java\com\tp\modelo\Resultado.java","C:\proyecto_code_ia\metricas_realizadas\Prog-Concurrente\2026-PROGC-Q1-M3\Codigo_IA_generado\version_haiku_4.5\src\main\java\com\tp\modelo\Resultado.java","Resultado::Resultado","Resultado::Resultado( int postId , String texto , double spamScore , String sentimiento , List<String> categorias , String decision , long tiempoProcesamientoMs)",31,40
3,1,8,0,3,"Resultado::getPostId@42-44@C:\proyecto_code_ia\metricas_realizadas\Prog-Concurrente\2026-PROGC-Q1-M3\Codigo_IA_generado\version_haiku_4.5\src\main\java\com\tp\modelo\Resultado.java","C:\proyecto_code_ia\metricas_realizadas\Prog-Concurrente\2026-PROGC-Q1-M3\Codigo_IA_generado\version_haiku_4.5\src\main\java\com\tp\modelo\Resultado.java","Resultado::getPostId","Resultado::getPostId()",42,44
3,1,13,1,3,"Resultado::setPostId@46-48@C:\proyecto_code_ia\metricas_realizadas\Prog-Concurrente\2026-PROGC-Q1-M3\Codigo_IA_generado\version_haiku_4.5\src\main\java\com\tp\modelo\Resultado.java","C:\proyecto_code_ia\metricas_realizadas\Prog-Concurrente\2026-PROGC-Q1-M3\Codigo_IA_generado\version_haiku_4.5\src\main\java\com\tp\modelo\Resultado.java","Resultado::setPostId","Resultado::setPostId( int postId)",46,48
3,1,8,0,3,"Resultado::getTexto@50-52@C:\proyecto_code_ia\metricas_realizadas\Prog-Concurrente\2026-PROGC-Q1-M3\Codigo_IA_generado\version_haiku_4.5\src\main\java\com\tp\modelo\Resultado.java","C:\proyecto_code_ia\metricas_realizadas\Prog-Concurrente\2026-PROGC-Q1-M3\Codigo_IA_generado\version_haiku_4.5\src\main\java\com\tp\modelo\Resultado.java","Resultado::getTexto","Resultado::getTexto()",50,52
3,1,13,1,3,"Resultado::setTexto@54-56@C:\proyecto_code_ia\metricas_realizadas\Prog-Concurrente\2026-PROGC-Q1-M3\Codigo_IA_generado\version_haiku_4.5\src\main\java\com\tp\modelo\Resultado.java","C:\proyecto_code_ia\metricas_realizadas\Prog-Concurrente\2026-PROGC-Q1-M3\Codigo_IA_generado\version_haiku_4.5\src\main\java\com\tp\modelo\Resultado.java","Resultado::setTexto","Resultado::setTexto( String texto)",54,56
3,1,8,0,3,"Resultado::getSpamScore@58-60@C:\proyecto_code_ia\metricas_realizadas\Prog-Concurrente\2026-PROGC-Q1-M3\Codigo_IA_generado\version_haiku_4.5\src\main\java\com\tp\modelo\Resultado.java","C:\proyecto_code_ia\metricas_realizadas\Prog-Concurrente\2026-PROGC-Q1-M3\Codigo_IA_generado\version_haiku_4.5\src\main\java\com\tp\modelo\Resultado.java","Resultado::getSpamScore","Resultado::getSpamScore()",58,60
3,1,13,1,3,"Resultado::setSpamScore@62-64@C:\proyecto_code_ia\metricas_realizadas\Prog-Concurrente\2026-PROGC-Q1-M3\Codigo_IA_generado\version_haiku_4.5\src\main\java\com\tp\modelo\Resultado.java","C:\proyecto_code_ia\metricas_realizadas\Prog-Concurrente\2026-PROGC-Q1-M3\Codigo_IA_generado\version_haiku_4.5\src\main\java\com\tp\modelo\Resultado.java","Resultado::setSpamScore","Resultado::setSpamScore( double spamScore)",62,64
3,1,8,0,3,"Resultado::getSentimiento@66-68@C:\proyecto_code_ia\metricas_realizadas\Prog-Concurrente\2026-PROGC-Q1-M3\Codigo_IA_generado\version_haiku_4.5\src\main\java\com\tp\modelo\Resultado.java","C:\proyecto_code_ia\metricas_realizadas\Prog-Concurrente\2026-PROGC-Q1-M3\Codigo_IA_generado\version_haiku_4.5\src\main\java\com\tp\modelo\Resultado.java","Resultado::getSentimiento","Resultado::getSentimiento()",66,68
3,1,13,1,3,"Resultado::setSentimiento@70-72@C:\proyecto_code_ia\metricas_realizadas\Prog-Concurrente\2026-PROGC-Q1-M3\Codigo_IA_generado\version_haiku_4.5\src\main\java\com\tp\modelo\Resultado.java","C:\proyecto_code_ia\metricas_realizadas\Prog-Concurrente\2026-PROGC-Q1-M3\Codigo_IA_generado\version_haiku_4.5\src\main\java\com\tp\modelo\Resultado.java","Resultado::setSentimiento","Resultado::setSentimiento( String sentimiento)",70,72
3,1,8,0,3,"Resultado::getCategorias@74-76@C:\proyecto_code_ia\metricas_realizadas\Prog-Concurrente\2026-PROGC-Q1-M3\Codigo_IA_generado\version_haiku_4.5\src\main\java\com\tp\modelo\Resultado.java","C:\proyecto_code_ia\metricas_realizadas\Prog-Concurrente\2026-PROGC-Q1-M3\Codigo_IA_generado\version_haiku_4.5\src\main\java\com\tp\modelo\Resultado.java","Resultado::getCategorias","Resultado::getCategorias()",74,76
3,1,16,1,3,"Resultado::setCategorias@78-80@C:\proyecto_code_ia\metricas_realizadas\Prog-Concurrente\2026-PROGC-Q1-M3\Codigo_IA_generado\version_haiku_4.5\src\main\java\com\tp\modelo\Resultado.java","C:\proyecto_code_ia\metricas_realizadas\Prog-Concurrente\2026-PROGC-Q1-M3\Codigo_IA_generado\version_haiku_4.5\src\main\java\com\tp\modelo\Resultado.java","Resultado::setCategorias","Resultado::setCategorias( List<String> categorias)",78,80
3,1,8,0,3,"Resultado::getDecision@82-84@C:\proyecto_code_ia\metricas_realizadas\Prog-Concurrente\2026-PROGC-Q1-M3\Codigo_IA_generado\version_haiku_4.5\src\main\java\com\tp\modelo\Resultado.java","C:\proyecto_code_ia\metricas_realizadas\Prog-Concurrente\2026-PROGC-Q1-M3\Codigo_IA_generado\version_haiku_4.5\src\main\java\com\tp\modelo\Resultado.java","Resultado::getDecision","Resultado::getDecision()",82,84
3,1,13,1,3,"Resultado::setDecision@86-88@C:\proyecto_code_ia\metricas_realizadas\Prog-Concurrente\2026-PROGC-Q1-M3\Codigo_IA_generado\version_haiku_4.5\src\main\java\com\tp\modelo\Resultado.java","C:\proyecto_code_ia\metricas_realizadas\Prog-Concurrente\2026-PROGC-Q1-M3\Codigo_IA_generado\version_haiku_4.5\src\main\java\com\tp\modelo\Resultado.java","Resultado::setDecision","Resultado::setDecision( String decision)",86,88
3,1,8,0,3,"Resultado::getTiempoProcesamientoMs@90-92@C:\proyecto_code_ia\metricas_realizadas\Prog-Concurrente\2026-PROGC-Q1-M3\Codigo_IA_generado\version_haiku_4.5\src\main\java\com\tp\modelo\Resultado.java","C:\proyecto_code_ia\metricas_realizadas\Prog-Concurrente\2026-PROGC-Q1-M3\Codigo_IA_generado\version_haiku_4.5\src\main\java\com\tp\modelo\Resultado.java","Resultado::getTiempoProcesamientoMs","Resultado::getTiempoProcesamientoMs()",90,92
3,1,13,1,3,"Resultado::setTiempoProcesamientoMs@94-96@C:\proyecto_code_ia\metricas_realizadas\Prog-Concurrente\2026-PROGC-Q1-M3\Codigo_IA_generado\version_haiku_4.5\src\main\java\com\tp\modelo\Resultado.java","C:\proyecto_code_ia\metricas_realizadas\Prog-Concurrente\2026-PROGC-Q1-M3\Codigo_IA_generado\version_haiku_4.5\src\main\java\com\tp\modelo\Resultado.java","Resultado::setTiempoProcesamientoMs","Resultado::setTiempoProcesamientoMs( long tiempoProcesamientoMs)",94,96
75,9,673,1,114,"Main::main@41-154@C:\proyecto_code_ia\metricas_realizadas\Prog-Concurrente\2026-PROGC-Q1-M3\Codigo_IA_generado\version_haiku_4.5\src\main\java\com\tp\Main.java","C:\proyecto_code_ia\metricas_realizadas\Prog-Concurrente\2026-PROGC-Q1-M3\Codigo_IA_generado\version_haiku_4.5\src\main\java\com\tp\Main.java","Main::main","Main::main( String [ ] args)",41,154
16,3,101,3,16,"Main::namedCpu@160-175@C:\proyecto_code_ia\metricas_realizadas\Prog-Concurrente\2026-PROGC-Q1-M3\Codigo_IA_generado\version_haiku_4.5\src\main\java\com\tp\Main.java","C:\proyecto_code_ia\metricas_realizadas\Prog-Concurrente\2026-PROGC-Q1-M3\Codigo_IA_generado\version_haiku_4.5\src\main\java\com\tp\Main.java","Main::namedCpu","Main::namedCpu( String prefijo , ThreadMXBean tmx , LongAdder cpuAccum)",160,175
11,2,80,1,11,"Main::guardarResultados@177-187@C:\proyecto_code_ia\metricas_realizadas\Prog-Concurrente\2026-PROGC-Q1-M3\Codigo_IA_generado\version_haiku_4.5\src\main\java\com\tp\Main.java","C:\proyecto_code_ia\metricas_realizadas\Prog-Concurrente\2026-PROGC-Q1-M3\Codigo_IA_generado\version_haiku_4.5\src\main\java\com\tp\Main.java","Main::guardarResultados","Main::guardarResultados( List<Resultado> listaResultados)",177,187
34,4,347,5,40,"Main::imprimirMetricas@189-228@C:\proyecto_code_ia\metricas_realizadas\Prog-Concurrente\2026-PROGC-Q1-M3\Codigo_IA_generado\version_haiku_4.5\src\main\java\com\tp\Main.java","C:\proyecto_code_ia\metricas_realizadas\Prog-Concurrente\2026-PROGC-Q1-M3\Codigo_IA_generado\version_haiku_4.5\src\main\java\com\tp\Main.java","Main::imprimirMetricas","Main::imprimirMetricas( List<Resultado> resultados , long tiempoTotalMs , LongAdder tiempoEtapaA , LongAdder tiempoEtapaB , LongAdder tiempoEtapaC)",189,228
38,2,393,6,40,"Main::imprimirMetricasSistema@231-270@C:\proyecto_code_ia\metricas_realizadas\Prog-Concurrente\2026-PROGC-Q1-M3\Codigo_IA_generado\version_haiku_4.5\src\main\java\com\tp\Main.java","C:\proyecto_code_ia\metricas_realizadas\Prog-Concurrente\2026-PROGC-Q1-M3\Codigo_IA_generado\version_haiku_4.5\src\main\java\com\tp\Main.java","Main::imprimirMetricasSistema","Main::imprimirMetricasSistema( ThreadMXBean tmx , long heapAntesBytes , long threadsBaseline , LongAdder cpuNanosA , LongAdder cpuNanosB , LongAdder cpuNanosC)",231,270
4,1,25,2,4,"Productor::Productor@20-23@C:\proyecto_code_ia\metricas_realizadas\Prog-Concurrente\2026-PROGC-Q1-M3\Codigo_IA_generado\version_haiku_4.5\src\main\java\com\tp\Productor.java","C:\proyecto_code_ia\metricas_realizadas\Prog-Concurrente\2026-PROGC-Q1-M3\Codigo_IA_generado\version_haiku_4.5\src\main\java\com\tp\Productor.java","Productor::Productor","Productor::Productor( BlockingQueue<Object> queueIn , int kA)",20,23
30,5,246,0,35,"Productor::run@26-60@C:\proyecto_code_ia\metricas_realizadas\Prog-Concurrente\2026-PROGC-Q1-M3\Codigo_IA_generado\version_haiku_4.5\src\main\java\com\tp\Productor.java","C:\proyecto_code_ia\metricas_realizadas\Prog-Concurrente\2026-PROGC-Q1-M3\Codigo_IA_generado\version_haiku_4.5\src\main\java\com\tp\Productor.java","Productor::run","Productor::run()",26,60
